{"initial_reset_timestamp": 1732741944.6234639, "timestamps": [1732741945.1370368, 1732741945.1404111, 1732741945.1420352, 1732741945.1434708, 1732741945.144921, 1732741945.1489275, 1732741945.1503644, 1732741945.1526332, 1732741945.1540363, 1732741945.1555665, 1732741945.1569605, 1732741945.1583195, 1732741945.1599386, 1732741945.1614466, 1732741945.162884, 1732741945.1642148, 1732741945.1655612, 1732741945.1674767, 1732741945.1689243, 1732741945.170272, 1732741945.1717007, 1732741945.1731124, 1732741945.1744363, 1732741945.1758068, 1732741945.177842, 1732741945.1791923, 1732741945.180695, 1732741945.1820052, 1732741945.1842315, 1732741945.1861556, 1732741945.1875575, 1732741945.1896079, 1732741945.190968, 1732741945.1923907, 1732741945.199598, 1732741945.200917, 1732741945.2023022, 1732741945.2039866, 1732741945.2054336, 1732741945.2067778, 1732741945.209392, 1732741945.2110434, 1732741945.212987, 1732741945.2149765, 1732741945.2164767, 1732741945.219622, 1732741945.2210257, 1732741945.223049, 1732741945.2251356, 1732741945.226425, 1732741945.2278304, 1732741945.2306314, 1732741945.2319286, 1732741945.23369, 1732741945.2351162, 1732741945.2367823, 1732741945.2381434, 1732741945.2396333, 1732741945.2410178, 1732741945.2425063, 1732741945.2439644, 1732741945.2460103, 1732741945.247273, 1732741945.2499607, 1732741945.2519252, 1732741945.2532163, 1732741945.2544613, 1732741945.2566276, 1732741945.2579997, 1732741945.2601461, 1732741945.2626343, 1732741945.2639432, 1732741945.265214, 1732741945.2667265, 1732741945.2682211, 1732741945.2696164, 1732741945.2709606, 1732741945.2729816, 1732741945.2742155, 1732741945.2763693, 1732741945.2777753, 1732741945.2792773, 1732741945.2812665, 1732741945.2834055, 1732741945.284791, 1732741945.2863173, 1732741945.2878077, 1732741945.289897, 1732741945.2913954, 1732741945.292618, 1732741945.2945874, 1732741945.2959962, 1732741945.2972443, 1732741945.2990563, 1732741945.3004606, 1732741945.302218, 1732741945.3036458, 1732741945.305823, 1732741945.3072124, 1732741945.308497, 1732741945.3099067, 1732741945.3119981, 1732741945.3138533, 1732741945.315098, 1732741945.317247, 1732741945.3186514, 1732741945.3214808, 1732741945.322878, 1732741945.3244238, 1732741945.3264449, 1732741945.3278005, 1732741945.3299463, 1732741945.3313608, 1732741945.3334851, 1732741945.3350646, 1732741945.336673, 1732741945.3381696, 1732741945.3396678, 1732741945.3416936, 1732741945.3442962, 1732741945.345544, 1732741945.3477564, 1732741945.3491058, 1732741945.350623, 1732741945.3521686, 1732741945.3533664, 1732741945.354826, 1732741945.358301, 1732741945.359909, 1732741945.3614116, 1732741945.3633895, 1732741945.3649044, 1732741945.3663995, 1732741945.3676293, 1732741945.3693178, 1732741945.3709192, 1732741945.372939, 1732741945.3745627, 1732741945.3771052, 1732741945.37839, 1732741945.3796496, 1732741945.381146, 1732741945.3834465, 1732741945.3847916, 1732741945.3867757, 1732741945.3882928, 1732741945.389781, 1732741945.3910143, 1732741945.392415, 1732741945.3945224, 1732741945.397255, 1732741945.3984482, 1732741945.3998613, 1732741945.4013767, 1732741945.4042573, 1732741945.4064093, 1732741945.40783, 1732741945.4091346, 1732741945.4108856, 1732741945.4123018, 1732741945.414547, 1732741945.4159582, 1732741945.4173014, 1732741945.4186099, 1732741945.4198976, 1732741945.4216132, 1732741945.4228783, 1732741945.4245694, 1732741945.4260077, 1732741945.4274566, 1732741945.4295845, 1732741945.430926, 1732741945.434039, 1732741945.4357374, 1732741945.4373422, 1732741945.438852, 1732741945.440402, 1732741945.4417193, 1732741945.4432092, 1732741945.4447138, 1732741945.4461458, 1732741945.4476106, 1732741945.4488297, 1732741945.4502316, 1732741945.4519165, 1732741945.4532824, 1732741945.4547844, 1732741945.4566948, 1732741945.457985, 1732741945.460001, 1732741945.4612136, 1732741945.462854, 1732741945.4642434, 1732741945.4663944, 1732741945.4680681, 1732741945.470048, 1732741945.471433, 1732741945.4729393, 1732741945.4743855, 1732741945.4759066, 1732741945.4775698, 1732741945.4794095, 1732741945.480671, 1732741945.4821086, 1732741945.4852865, 1732741945.4868984, 1732741945.4897635, 1732741945.491221, 1732741945.493938, 1732741945.4966695, 1732741945.500225, 1732741945.5016413, 1732741945.5035057, 1732741945.5052974, 1732741945.5066693, 1732741945.5081627, 1732741945.5095477, 1732741945.5111027, 1732741945.5125701, 1732741945.51414, 1732741945.515422, 1732741945.5166733, 1732741945.5182452, 1732741945.519693, 1732741945.521517, 1732741945.5228708, 1732741945.5242882, 1732741945.5261443, 1732741945.5274024, 1732741945.5289552, 1732741945.5304527, 1732741945.5316691, 1732741945.5339139, 1732741945.5351942, 1732741945.5364523, 1732741945.5380278, 1732741945.539534, 1732741945.5413697, 1732741945.5429714, 1732741945.5443017, 1732741945.5455234, 1732741945.54848, 1732741945.549765, 1732741945.5510116, 1732741945.552595, 1732741945.5540395, 1732741945.5552638, 1732741945.5567153, 1732741945.558196, 1732741945.559688, 1732741945.5611947, 1732741945.5625389, 1732741945.5643876, 1732741945.5666037, 1732741945.5684156, 1732741945.5696146, 1732741945.571595, 1732741945.5731692, 1732741945.5746107, 1732741945.576014, 1732741945.577516, 1732741945.579794, 1732741945.581204, 1732741945.5826697, 1732741945.5840383, 1732741945.5854478, 1732741945.5867088, 1732741945.588294, 1732741945.5908003, 1732741945.5920908, 1732741945.5938346, 1732741945.5956514, 1732741945.5972779, 1732741945.5997546, 1732741945.6014316, 1732741945.6031117, 1732741945.6047904, 1732741945.6065285, 1732741945.608832, 1732741945.6101923, 1732741945.612405, 1732741945.6141555, 1732741945.6160576, 1732741945.6179678, 1732741945.619244, 1732741945.6205652, 1732741945.6219172, 1732741945.6239526, 1732741945.6259346, 1732741945.6282237, 1732741945.6295996, 1732741945.6317663, 1732741945.6334438, 1732741945.6352239, 1732741945.6365633, 1732741945.638119, 1732741945.640637, 1732741945.6423922, 1732741945.6457205, 1732741945.647324, 1732741945.6494696, 1732741945.6519754, 1732741945.6535769, 1732741945.6549582, 1732741945.656721, 1732741945.6584504, 1732741945.6602612, 1732741945.6620736, 1732741945.6640983, 1732741945.6657062, 1732741945.667336, 1732741945.6688023, 1732741945.6703835, 1732741945.671843, 1732741945.6732695, 1732741945.6749604, 1732741945.6765754, 1732741945.6783361, 1732741945.6798933, 1732741945.6815765, 1732741945.6833396, 1732741945.6848724, 1732741945.6862667, 1732741945.6877997, 1732741945.6892176, 1732741945.6906266, 1732741945.6923501, 1732741945.6940007, 1732741945.6959715, 1732741945.6976943, 1732741945.6998334, 1732741945.7015345, 1732741945.7029316, 1732741945.7044518, 1732741945.7070382, 1732741945.7086492, 1732741945.7099047, 1732741945.7117565, 1732741945.7138636, 1732741945.71552, 1732741945.7181876, 1732741945.7197688, 1732741945.7211907, 1732741945.722875, 1732741945.7248588, 1732741945.7262452, 1732741945.729213, 1732741945.731327, 1732741945.7326589, 1732741945.7341166, 1732741945.736153, 1732741945.737674, 1732741945.739709, 1732741945.7412233, 1732741945.7429993, 1732741945.7444255, 1732741945.7457054, 1732741945.7474878, 1732741945.7499979, 1732741945.752153, 1732741945.7535355, 1732741945.7555366, 1732741945.757412, 1732741945.7590675, 1732741945.7604685, 1732741945.7625656, 1732741945.7639024, 1732741945.7654324, 1732741945.7669985, 1732741945.7772112, 1732741945.7861698, 1732741945.7994583, 1732741945.8131764, 1732741945.8265896, 1732741945.8454323, 1732741945.8522873, 1732741945.8594208, 1732741945.8840947, 1732741945.8910522, 1732741945.8983686, 1732741945.9114997, 1732741945.9251437, 1732741945.9518876, 1732741945.9582925, 1732741945.9646752, 1732741945.9707284, 1732741945.9770753, 1732741945.9941304, 1732741946.0172355, 1732741946.0351832, 1732741946.0412176, 1732741946.0698988, 1732741946.0815353, 1732741946.093981, 1732741946.105998, 1732741946.1239617, 1732741946.1371014, 1732741946.14338],